image1,FW19/20,Women’s attitude,paleur    ,colorée,neutre,beige-céramique-09,marron-glacé-23,,
image2,FW19/20,Women’s attitude,paleur    ,colorée,neutre,beige-céramique-09,marron-glacé-23,'Photo Hedvig Jenning
',
image3,FW19/20,Women’s attitude,paleur    ,colorée,neutre,beige-céramique-09,,,
image4,FW19/20,Women’s attitude,paleur    ,colorée,neutre,,marron-glacé-23,,
image4bis,FW19/20,Women’s attitude,vert,arrogant,,vert-interdit-34,,,
image5,FW19/20,Women’s attitude,vert,arrogant,bottes,,,Ellery resort,
image6,FW19/20,Women’s attitude,vert,arrogant,,Lurex-275-antique-avocado,,,
image7,FW19/20,Women’s attitude,vert,arrogant,robe,,,Balenciaga,
image8,FW19/20,Women’s attitude,Orangés,liquoreux,,,,Editor: Irene Ojo-Felix / Valentino / Acne Studios / Proenza Schouler,
image8bis,FW19/20,Women’s attitude,Orangés,liquoreux,,Cognac-15,,,
image9,FW19/20,Women’s attitude,Orangés,liquoreux,,,,Kalabasa Bakery,
image9bis,FW19/20,Women’s attitude,Orangés,liquoreux,,Flamme-03,,,
image10,FW19/20,Women’s attitude,Bleus ,Orageux,,,,Paola Knorr,
image10bis,FW19/20,Women’s attitude,Bleus ,Orageux,,Gustavian-celadon-35,,,
image11,FW19/20,Women’s attitude,Bleus ,Orageux,,,,,
image11bis,FW19/20,Women’s attitude,Bleus ,Orageux,,Oxyde-poétique-01,,,
image12,FW19/20,Women’s attitude,Imprimé,pois,camouflage,floral,,création-carlin,
image13,FW19/20,Women’s attitude,Imprimé,pois,ombre,découpé,,Camilla Frances prints,
image14,FW19/20,Women’s attitude,Imprimé,pois,ombre,découpé,bottine,Martine Serre,
image15,FW19/20,Women’s attitude,Imprimé,pois,,,,Missoni Resort,
image16,FW19/20,Women’s attitude,Imprimé,pois,,,,Amber Witcomb by Fabien Baron for Interview Magazine,
image17,FW19/20,Women’s attitude,Imprimé,pois,perforé,pointilliste,superposé,Georgiana Paraschiv,
image18,FW19/20,Women’s attitude,Imprimé,pois,perforé,pointilliste,superposé,Nina Warmerda,
image19,FW19/20,Women’s attitude,Imprimé,pois,géométrie,,,Basso & Brooke,
image20,FW19/20,Women’s attitude,Imprimé,pois,,,,Painel de Azulejos instituto de Artes Universitade de Brasilia,
image21,FW19/20,Women’s attitude,Imprimé,Ligne,Rayure,ondulé,floral ,mixé,Valentine Hotton
image22,FW19/20,Women’s attitude,Imprimé,Ligne,Rayure,diagonale,ombré,Mary Katrantzou Resort,
image23,FW19/20,Women’s attitude,Imprimé,Ligne,Rayure,figuratif,trompe l'œil,création-carlin,
image24,FW19/20,Women’s attitude,Imprimé,Ligne,Rayure,ondulé,floral ,mixé,
image25,FW19/20,Women’s attitude,Imprimé,Ligne,Rayure,figuratif,trompe l'œil,création-carlin,
image26,FW19/20,Women’s attitude,Imprimé,Ligne,Rayure,verticale,,,
image27,FW19/20,Women’s attitude,Imprimé,Ligne,Rayure,Strié,Jaspé,Missoni,
image28,FW19/20,Women’s attitude,Imprimé,Ligne,Rayure,Strié,Jaspé,Anthropologie,
image29,FW19/20,Women’s attitude,Imprimé,Ligne,Rayure,,,Derek Lam,
image30,FW19/20,Women’s attitude,Imprimé,carreaux,graphique,optiquement,,Marni,
image31,FW19/20,Women’s attitude,Imprimé,carreaux,losanges,néo-classique,,création-carlin,
image32,FW19/20,Women’s attitude,Imprimé,carreaux,losanges,néo-classique,,création-carlin,
image33,FW19/20,Women’s attitude,Imprimé,carreaux,imbriqué,fragmenté,floral ,Basso & Brookes Quito Pattern @ Jupiter10,
image34,FW19/20,Women’s attitude,Imprimé,carreaux,graphique,optiquement,,Daks,
image35,FW19/20,Women’s attitude,Imprimé,carreaux,tramé,texturé,tissé,Christopher Kane,
image36,FW19/20,Women’s attitude,Imprimé,carreaux,graphique,optiquement,,Byblos,
image37,FW19/20,Women’s attitude,Imprimé,carreaux,imbriqué,fragmenté,floral ,création-carlin,
image38,FW19/20,Women’s attitude,Imprimé,ornemental,désuet,wallpaper,floral ,Dior Couture,
image39,FW19/20,Women’s attitude,Imprimé,ornemental,fantastique,onirique,,Michael Cailloux,
image40,FW19/20,Women’s attitude,Imprimé,ornemental,vintage,,,SMI TESSUTI-M835 DIS 3,
image41,FW19/20,Women’s attitude,Imprimé,ornemental,géométrie,folk,wallpaper,création-carlin,
image42,FW19/20,Women’s attitude,Imprimé,ornemental,géométrie,folk,wallpaper,Markus Lupfer,
image43,FW19/20,Women’s attitude,Imprimé,ornemental,fantastique,onirique,,Lina Lund,
image44,FW19/20,Women’s attitude,Imprimé,ornemental,désuet,wallpaper,floral ,Lewis Foreman Day - Jeffrey & Co,
image45,FW19/20,Women’s attitude,Imprimé,ornemental,désuet,wallpaper,floral ,Lewis Foreman Day - Jeffrey & Co,
image46,FW19/20,Women’s attitude,Imprimé,ornemental,désuet,wallpaper,floral ,Hanna Werning for Borås Tapeter,
image47,FW19/20,Women’s attitude,Imprimé,ornemental,géométrie,folk,wallpaper,création-carlin,
image48,FW19/20,Women’s attitude,Tissus,transparent,blouse,,,,
image49,FW19/20,Women’s attitude,Tissus,transparent,crepe,,,MM6,
image50,FW19/20,Women’s attitude,Tissus,transparent,tulle stretch,brassiere intégréee,body,,
image51,FW19/20,Women’s attitude,Tissus,transparent,blouse,épaules en voile,bi-matières,,
image52,FW19/20,Women’s attitude,Tissus,transparent,crepe,,,Dolce & Gabbana,
image53,FW19/20,Women’s attitude,Tissus,transparent,blouse,collerette plissée,,,
image54,FW19/20,Women’s attitude,Tissus,transparent,T-shirt,pinces et plis,voile,,
image55,FW19/20,Women’s attitude,Tissus,transparent,crepe,,,Diesel,
image56,FW19/20,Women’s attitude,Tissus,opaque,Kimono,plis couchés,,,
image57,FW19/20,Women’s attitude,Tissus,opaque,,,,L'appartement,
image58,FW19/20,Women’s attitude,Tissus,opaque,robe,effet pèlerine,plis côté,,
image59,FW19/20,Women’s attitude,Tissus,opaque,,,,See by Chloe,
image60,FW19/20,Women’s attitude,Tissus,opaque,chemisier,bords volantés,échancré,,
image61,FW19/20,Women’s attitude,Tissus,opaque,combi-pantalon,croisé,structuré,,
image62,FW19/20,Women’s attitude,Tissus,opaque,,,,Black Label,
image63,FW19/20,Women’s attitude,Tissus,opaque,,,,Elie Saab,
